,ev_x,ev_y,ev_ld,ev_ct
0,110.65015701007127,20.732682518576468,17.999404551162982,15.597835517291795
1,103.67411922634686,34.28609297846219,5.585060636143293,11.857288997065238
2,110.97756919053232,44.490208632211115,14.514702301866391,11.445596674714476
3,92.76850846322861,20.178033992999975,22.93090582597206,15.18459346265974
4,122.49207525394081,40.933368844322274,17.71517411286466,13.538897190202661
5,122.99467531051215,24.80681291068627,19.53568835289557,18.641652792107458
6,114.66748053446256,19.00221905003594,26.435070627198588,11.379654310884254
7,90.52323679159623,43.954194106353484,37.45040007267001,11.195385544615007
8,108.1667651543743,17.09297849521331,29.415601024013544,15.275700942312394
9,98.72447912890146,30.014624480944747,11.651166332606703,19.592598245260376
10,94.9173373237993,38.44904674486669,24.26304928710293,11.177910375606423
11,129.32038770269236,40.11898493240891,24.85597278222839,15.26946993042854
12,131.4614647848063,42.387316289229034,5.8993218157123195,15.273672072520935
13,84.8610349209487,18.573791169837314,29.428000150133023,14.075228495800785
14,124.78488277516394,19.700734102752165,35.59769049616485,15.412884299963682
15,112.20618040689266,25.959927491172085,35.13894275828228,19.639988167799814
16,101.35961301074082,45.135191071369235,29.714663336645334,12.297789698525127
17,96.56311176653371,47.01453909508852,27.72835283013254,17.766655072351583
18,115.71952926725609,30.10486247084465,23.929391505428907,16.05461058789075
19,105.04188484430406,25.08908075315246,6.568557703296052,18.010515728749063
20,116.25291971398141,36.9814093668937,26.37702338210284,10.37171325902379
21,115.07737736656259,30.37480144240195,1.5690882197271572,10.366892335098845
22,89.18928018366282,15.728220932649984,5.520725202429184,18.783456836559637
23,120.26566099255834,36.747186408138276,2.9507980056762495,18.175161471155384
24,130.76912853909778,48.19112943198955,12.167569037030187,12.140932744890884
25,130.13155045182077,38.817834221878854,7.879497764012089,14.499145619842764
26,112.7023478657614,40.91090690240368,33.10976146278112,17.78275324365285
27,84.8465579787232,17.565617925136372,22.307093543450303,16.738251079529363
28,82.87849930655405,36.93398355229617,9.4855539637291,14.210371955701191
29,89.23795519905511,48.636047191102264,16.16995561285338,15.637528991417774
30,128.74206118482607,24.730971901633946,33.47317000364924,13.301994306076715
31,97.50502451132309,26.47532080510745,35.09585476106673,17.19309677723605
32,100.60282720127788,23.959049951605756,30.459988045828418,18.99672225457143
33,126.64670617019327,36.387121558048676,17.865613595070357,14.464470077991923
34,98.06810825261826,27.332790556999647,13.229446977528498,15.939519093346068
35,109.55267790740726,45.34758660379386,36.35085738984202,10.279266889249927
36,104.02371537570079,39.184445859674405,38.077060594807506,15.192103270513897
37,85.86146492140934,34.49291159531164,29.975057374590786,12.790203836570859
38,111.29353774810949,42.22305636114478,18.302483299294778,15.77832523895604
39,123.9971235905501,22.44862471691048,28.830021126840677,16.485363269455444
40,90.33670605506354,23.978374336929967,13.677405497470648,19.463785169107773
41,93.65943451718174,30.154643401932063,7.0882981057133865,19.870564002713273
42,102.88999666764146,29.09306431943636,7.3245309635170175,15.217737286013183
43,84.4874723404199,30.729680337348622,18.103678494204345,14.273588983547235
44,106.98874125728003,50.29043510495997,39.49167202345267,19.473310435329324
45,122.72026121383047,26.595770649799782,22.684979914091787,19.16182014045794
46,114.8837614522584,45.33875844281748,31.943570039039034,14.834798644859799
47,108.7940288602032,44.80739245562458,33.561212625351594,11.720429490165625
48,124.53840501086772,26.345127872773226,39.323825567978155,12.230364561945747
49,90.00723420685011,29.061550034065505,37.46036629770646,17.794218427029413
50,110.44617659244992,15.828533048938041,6.063732883025521,10.860391521756883
51,100.99585732876895,39.85377475075229,12.289643265213407,17.172650912027716
52,112.11385758121266,32.339991800428855,5.393160913292099,17.400093556834115
53,88.20722360773266,21.07522154240673,24.781548363828733,12.124678810506957
54,120.64134671751492,47.27419241948985,37.04435303960659,10.564094561903751
55,87.40885553437407,31.050399491305104,17.144935298379544,13.778873137890272
56,90.82350535657947,23.660051317672302,39.762793924472795,17.96622794681513
57,122.20466536161179,32.012694223269925,10.94800188710336,10.111758634567504
58,129.06961759073988,21.109821337367748,26.83198420421875,18.93149493708224
59,103.88668204989523,23.620309649664044,15.462764610411002,13.797644825783534
60,102.94925671407935,38.08735282504912,21.19959082397103,16.598991171652074
61,94.69633783708997,38.464401281215395,35.91642356653879,17.01830150548222
62,96.126731036715,18.780426945978636,30.538451190136918,18.451951161443112
63,112.89452313918544,41.320065836751574,2.794139593518481,10.218064088761388
64,91.4156371047795,42.59796591702725,31.18738890285451,10.80733317972801
65,88.52866858699154,34.22522038344499,36.322700451746385,15.072308068698483
66,104.98822133243682,36.77404882543248,29.549141601029554,14.478561164309669
67,90.75370563207301,36.832938157133505,29.243160209212945,13.860775850331018
68,114.43508048803432,42.73956900374051,37.172786375049526,12.423637769454563
69,122.87067525999527,40.486167860004315,24.204848187502957,11.982792748943496
70,120.7391825099258,43.081422374047946,34.38406932491666,19.357575437482396
71,106.18252945148181,33.47652572180775,4.2023021547192885,12.793199127195168
72,99.693612992009,31.757877309879408,3.832090761068825,11.708742608159003
73,103.95908137327757,20.063990003214847,7.699657068533554,11.053375277456436
74,82.92516974181261,39.0142880263138,7.26643879570724,14.180150529889449
75,117.56045817865274,37.95499927571241,34.61266300784728,13.296302248375802
76,98.9146210480075,42.56663671509339,32.62577277943076,17.19726544356819
77,98.31576748837814,38.14182071016626,2.6650474413920033,15.139490773684782
78,86.59233033696941,32.721877916152025,37.528180234212044,17.326458724742928
79,104.61233757774974,17.085371959406896,28.51104164012867,13.413315068116075
80,111.21045694936409,38.226229680363744,13.018196755709322,12.604573981191983
81,101.79923080320917,39.147948947690054,33.83506106902192,19.81030617430754
82,125.24425444720286,19.819593119415114,22.417323535960477,11.34590744284113
83,115.6406399598397,23.43609002409312,8.914526176866989,19.338592141764885
84,94.4969334366389,31.584890761946813,13.603930592112516,18.550202145628997
85,108.3960709025091,19.20523494348823,20.197995886641852,13.225983938539905
86,127.25063037380094,50.54412923530623,13.594495725243775,16.764446332858924
87,108.13936953703316,17.649885073006306,30.850529529970284,11.283561806596579
88,112.15303332477157,40.02538063336894,25.354617287612996,14.801074693143166
89,85.75276888557396,46.192123665654556,10.989061457161258,18.4792490873776
90,106.63545040374036,17.18893825103016,39.80642020904484,14.82985578383364
91,105.26754981388547,32.13809907390908,10.96456679325685,14.0509142737879
92,102.31530762937277,30.785063232671973,14.672163727325893,15.967444065010792
93,103.26031078127227,49.92489152573155,20.068443058459657,14.357184453039991
94,111.31257066491867,49.36253408091025,33.667721286931226,10.307833614617705
95,109.04775202031286,35.87220480268266,31.148786278120557,16.007714299120295
96,106.66039739281634,41.81300712381663,28.050065360920186,13.841028902997898
97,90.79573576405157,46.00170443920369,21.428404084419455,13.272986077577045
98,104.28392671435311,18.842126970336768,14.312873603785663,13.021122906891096
99,130.09679781955813,18.988020218528842,9.392676017634972,17.466099153335264
100,103.00275228301291,37.90115273363048,12.02028818511685,13.468838139185122
101,84.40880776811434,47.43060042280041,21.915426004571124,14.342913180785166
102,82.81854938610203,40.38888054295584,1.5979681406098312,17.768741654495006
103,108.88873319192862,47.63843889838937,30.605275757388966,17.211257912573505
104,85.15554550219163,20.908032721029368,32.31748750486443,10.738257516669215
105,87.2197896915003,24.842254171246886,10.522266275720744,11.970170503580084
106,88.00362639809015,21.774010055305087,18.266020139632406,13.456197362178472
107,104.90713427057473,34.30711007282726,38.54444491521606,15.350732150998475
108,131.27208081913574,49.19372596358811,6.996465171518738,11.645105916962645
109,106.42345942190825,22.173663081612172,16.185889088385647,17.846440783855023
110,105.13044189242042,30.956154514787663,14.513251385594605,18.929080066447245
111,104.04720437159196,31.715212311143,23.20845029485354,16.891218272163677
112,107.20944144802841,34.5432881282254,38.34037954011769,18.436638460622287
113,104.56493162096349,25.726633584291932,9.145861116153831,19.590365669108152
114,118.22823406773806,30.97082715546685,20.117280520604005,14.389345876652493
115,126.63423816895725,15.03964979466897,36.95039830331603,14.579079228904163
116,116.8407535021837,15.124120361841662,24.770792700239927,11.763508079790567
117,103.4010540005859,33.82050221361186,15.15546232653989,12.972976098498194
118,114.47445033771953,18.765619434838396,6.129529225377666,11.183834717109493
119,127.20201224878357,36.81208348091535,9.195508140629233,10.003608848734128
120,90.20005836818694,29.69814798336191,25.762587693686143,13.487847197079802
121,94.29791326525716,30.429509906033502,27.945782210278214,13.030740580748889
122,112.98553240560318,25.648223382674363,22.83904070252031,19.940314295818425
123,116.30962633947698,45.846236642754235,30.46501614607231,11.019452406008536
124,114.1352809017416,27.31146466347437,0.9189712076018353,14.352668863662537
125,111.48847315387314,45.919271506082666,28.688636584784977,17.57959293751713
126,123.2802653387309,17.380634802729833,36.79039561072622,16.263950546892172
127,106.12425756088638,37.631455267239346,23.171449698003833,16.972619344103876
128,122.21147475865929,21.628940056688776,16.962375950224047,11.543425684245411
129,129.78731870496966,48.06775627941522,0.45934589913004586,18.3233085503328
130,103.99070962896167,16.596887357856364,8.842520390152302,15.951997535054522
131,124.72049106663583,44.763693683025764,13.255082792698914,14.782131756769143
132,117.83796446175715,42.41961990494072,6.425194391707922,11.102306198893423
133,126.18095914906883,29.25291787135948,35.3017744363046,12.754667632695458
134,84.94324662927676,17.313356366241656,37.632431574297144,17.38438960956416
135,127.37617866503369,40.288938566137205,7.784983234405289,11.721907693304892
136,120.21674631492087,40.92571073078628,34.74238511034766,19.390524870082636
137,129.7884484943694,43.295486201189135,2.003017404311871,14.351992286167704
138,130.7155826264481,39.27562747252337,30.552486187885044,12.280899225979446
139,96.6545265220173,44.36438659265489,33.12085772834646,17.81350467442983
140,115.476564449855,29.227045987805937,16.458326384674354,14.899826355176346
141,89.59533934377275,38.175560805915154,30.8588424353449,12.453333029696818
142,111.81174878256614,47.29525162334859,13.02157238788011,18.100526319690452
143,127.69342512530312,25.450378722366978,18.486172955899214,16.996373019957737
144,92.07709406463552,23.12614307181633,14.653596016762268,17.814684850329485
145,99.80607219767225,25.85687900878663,35.07206980427374,17.382007083367462
146,86.58355089159785,15.658260145415278,26.1217141992495,16.580356009145213
147,92.20842665083137,45.086589969311234,32.88112215740029,11.719107424270277
148,92.8470455212004,21.2638907666245,39.91106492163623,12.210861459715915
149,87.37924551397737,15.325351353201219,15.576276400811423,19.836887710459948
150,131.6152189462726,24.387053386495026,23.878812340658726,19.721550259408207
151,126.12478709697623,31.81259791656128,27.714208710490595,13.45252406012781
152,105.38105066003129,47.26619627169306,29.741200728963083,19.32112071865037
153,119.08423478321446,27.560667876047248,7.48043295297903,10.467233243429208
154,116.71184103517348,45.92742967456027,4.467152140782624,10.63488483187838
155,108.25415315408354,48.267331245854336,20.639320576450206,19.229567599739596
156,103.40967860967748,50.32158469266882,19.354364532498543,14.137790909741891
157,115.18638919913488,35.948927573832194,27.322774137404476,15.050682124199781
158,109.8726977817446,38.486835803415374,9.22564748727654,14.613428126957835
159,95.69530707515123,34.75532750905467,30.22909355815136,17.28085933089015
160,100.51373550567514,43.19549632440244,16.058273090029417,14.6266092405064
161,113.38470804994051,39.58407586700978,0.8345485046038936,15.125964526678484
162,113.37795924893948,18.722814434981025,21.230272408436083,15.465735999157978
163,92.93961460805562,29.67383166520344,12.373231029377724,18.844925897374633
164,112.5283878951093,45.51449999030186,3.2991418962236674,19.673395340082696
165,125.50776282125113,30.07160741966082,28.07853535657065,18.613391340983263
166,125.3319681599215,43.19541601027343,37.06249733310552,12.949055233142508
167,114.60828890552602,45.19725023935467,6.295138247042247,16.87311487090709
168,86.11495235594293,42.61963957920212,19.149690134142684,18.874498033181247
169,103.41121050200606,41.004734254104854,2.442850274747812,16.589404239605415
170,87.0376408470367,26.920082197768096,18.76469721097986,11.926049604323302
171,85.38447760771827,32.96817377777279,1.6809037183438713,14.142580358767496
172,95.14747128466422,44.923073916624446,19.416443234820278,11.280259141014945
173,105.04397068845614,30.568745983355647,7.790249289569848,11.632539528215823
174,119.85260576544479,35.54713011903593,11.186187541188964,12.16159661500149
175,113.46179337520441,16.79559638970027,7.728613993556319,11.210183106427694
176,96.50762126471126,30.650338205890527,35.74641604554141,19.857820745652518
177,116.70363058098681,32.88322453648341,20.31678493544699,15.68762567599186
178,107.47351573284863,20.664767350100313,19.183341668610122,11.082517997350733
179,107.5235746870814,28.845345203504092,19.9538523629278,13.68859412375669
180,95.58430000501258,17.757149947732522,35.88158053769281,18.844679479134726
181,104.29855636018121,49.61310207245057,8.891048455348427,12.190170900001387
182,99.39769134538273,20.023356088079296,8.10421097466666,11.445728597408147
183,118.24444598184618,40.68320414881829,7.456047112183084,18.80293198569975
184,106.30310018314572,24.56154611527343,33.43861180346532,11.124841356671984
185,104.54917505240351,50.06166017480814,22.768266641854737,16.707083011007512
186,106.02954619141546,45.781329992885645,6.627637863824334,14.844623685449411
187,106.17166169322525,34.031900183701026,1.6619202499348296,12.307819566940204
188,116.43781439597575,23.706102491393835,3.0000662556372326,19.630817512564413
189,117.91654439237374,18.418666122861982,27.09160250271339,18.47755638086725
190,121.89369686421426,30.25998780797209,33.566115688624976,12.775499582353651
191,102.51732435656677,26.993630688087656,11.007044938074797,13.847017198556133
192,121.52377617685895,22.652645614901417,10.52900229228971,14.86094292219482
193,129.90333505237905,48.09068200329466,29.61908117769405,17.838402659490534
194,131.25550370097665,37.03875453679353,21.693876339796564,19.333043754504807
195,117.95609171546613,19.213895879318173,31.402329411653795,19.51023248201394
196,85.88566933826651,31.61575518102237,13.328382014852727,13.513658589574623
197,124.1546755384447,26.6968735548848,32.00183209929344,19.712554915776934
198,123.62456876283295,43.33097360048569,8.057845282782715,16.37403713437496
199,83.47875723993229,35.51947990420108,20.474612466187896,14.700875267745623
200,98.71923742055013,15.632828052510153,36.553437573945146,15.003641765821747
201,98.44665892277568,33.99976257692059,23.007238966180953,16.573083857264393
202,118.92464189604237,32.182568477944805,15.813919830430144,16.25839875728719
203,112.55449280289153,24.341151098287376,19.789082253431843,13.255753400372665
204,96.49966416165985,30.613530682254634,37.38212605254851,12.751528522104149
205,91.80259423501403,24.33355142008615,9.513926026203329,10.52414006868015
206,90.92956268640643,19.755141939662792,39.73101983587677,16.799146366797824
207,87.35243557029528,25.62973110546656,26.13815903833167,12.841706877602519
208,121.37853556304128,50.52725814264586,5.418024436611222,17.890950994655142
209,128.48426484577328,17.19097308664457,9.726260117175434,16.62018146817573
210,93.44294676067622,35.44298503063936,10.82073591160501,16.04196839878322
211,119.14347627168058,44.28968218760794,5.922800948169349,19.180526598555737
212,129.2384852113577,45.91763231187532,3.131658890310991,10.382548879259865
213,92.06504767625383,31.486169859740563,4.337217329292535,19.246643923262614
214,110.67423341833745,40.45295516919265,15.973755296693565,13.25512987770217
215,104.1843557311228,31.982122599977853,13.997233517214909,19.469297384869243
216,130.39944240095375,35.30207859529587,16.45775487454303,10.435489946905644
217,125.24652404776765,20.47625383188999,2.5146122927721626,13.385975715341765
218,83.46555517764277,44.3445037269517,29.630452265749888,14.173242915074832
219,92.53497007638892,43.6961164555354,18.71479391158131,16.981021475442525
220,124.18882045715569,24.573456270278943,0.5080671224428546,16.120027215158196
221,110.78910054101765,36.75247938312723,16.788364769688013,12.594781020514052
222,108.27200558552592,22.291161445954646,23.042114304892557,13.943520288129793
223,122.32037465089039,43.25744700014368,6.693061708770451,11.88492428552048
224,120.07984147011601,19.740782794425748,37.42878899875895,10.127097444900668
225,129.4148338041647,22.05803897192433,1.7738760441464407,12.16527729219943
226,98.67187897777913,31.775537654308128,9.809655261459804,12.946881557652457
227,85.01266477615528,26.520826298915765,9.1805477163284,18.492107835471607
228,116.56724234108404,30.70468754479601,20.317372859601484,12.827384280044228
229,85.13425750344366,19.38677675382057,0.8826725354805331,13.865127814216692
230,110.3455230176751,40.20031553933903,4.615058742221367,18.291210287249765
231,124.76409446348754,20.75793734353619,8.31411257435744,17.848903001064127
232,102.11453234797172,18.432289448158734,8.267308273592672,19.922959481370874
233,112.10672520576136,34.27559085152931,22.906886446961238,10.153101411859048
234,91.07150640014088,44.56099857494077,36.07360223630104,18.81891711834711
235,90.40116282096105,38.63312547249034,8.858539857028997,16.83637346210944
236,112.34639576805627,41.0785977908433,20.480185177559846,17.57969756616345
237,124.99645094310839,24.31956237438216,31.155010648778394,18.695015216489413
238,131.62206843556,28.01665227712023,27.456255290343886,10.901494011669875
239,84.20424088073167,36.45498569240367,17.655922787274818,16.4563095911236
240,127.76208493531766,25.971452360457093,10.666353046715539,19.109655043852715
241,107.69923853850175,28.130521027565116,10.595920915758699,13.61713392810737
242,99.78095997242433,42.61075575372995,36.61555986553224,13.439085139913931
243,102.13344786234907,18.040988533050157,21.88089597242163,19.20930676633496
244,110.9676888936045,38.11203017755971,8.549396525510652,13.946250593566326
245,99.69976256534612,25.570597715663915,29.180934936796604,16.221997343007846
246,89.80266428827166,24.46042256982009,13.68298264164839,17.71597021595714
247,125.04932859659358,43.985296035214986,3.16708300996297,12.115033868114864
248,117.26265807998229,44.40441250419947,5.924113205704171,14.697641526582796
249,112.53239931126379,17.37225549262796,21.544595054131772,17.430111009101783
250,118.04926455111612,18.29155602220697,7.097169906163634,18.15641892593689
251,130.9459680081461,27.858968258934453,33.06844882936721,12.168150945664859
252,91.25079750126456,30.795808842492782,14.109784110243035,12.1303993888525
253,123.02306115496319,29.526429326592506,16.408486935786787,16.635223364621723
254,122.93179583304467,38.05806486944975,8.16067786710812,17.95476113420458
255,99.48687602295706,28.335798566753205,39.896636371609084,14.800920570246113
256,110.03211413280897,23.250178468187215,12.06927418628946,17.137876246686083
257,105.11844034190716,49.88479378579733,27.133361119330566,14.626736785471005
258,92.19275985836782,50.606452533270826,34.56178311185958,16.683300838610293
259,103.87033617514744,44.12998964618885,19.399782155177988,12.355396119600314
260,90.1477567316128,45.202038873865064,17.742842447230828,12.558870594301489
261,128.311342745608,50.03319816753793,3.3728667176796856,16.234526330859705
262,91.8563323391276,43.092334021477456,18.7584055709196,10.709878151797174
263,113.70849703212653,35.1712633194606,30.542141846297714,16.152233166301684
264,110.58211214749632,16.802868189749347,5.607016099184725,12.892709811675893
265,130.3894921676121,22.381810595108455,8.206500701138584,12.572731245887587
266,121.5266269854578,36.183248510194716,36.736753036795484,14.914041264666128
267,100.31134284629502,32.60325542535449,30.011476018399783,10.750558156256842
268,101.09088986176656,45.264809549561484,9.395219588831644,15.320519607780266
269,85.12251308615936,15.47938650169453,22.058692801060484,15.307172752083545
270,85.21745681793158,30.072090434747402,32.093364457396994,14.435997914994811
271,97.90215002337976,17.790492519227346,39.48526433730494,15.029930393929662
272,129.1742148382325,25.061106018767838,24.773412152168156,16.33985842003084
273,85.10508305155415,28.479514929591403,35.27301255206957,12.86238838627554
274,91.33158159343529,41.26865399959228,30.23216506003459,16.952445101966166
275,113.8213101921614,42.0046542105851,26.452204870492785,12.634868066221308
276,100.32460584276015,39.911525511568954,25.209678837884834,14.391363178456851
277,91.76399560648186,30.598240276109514,25.207943705236747,16.146817337417836
278,129.05448831329278,33.66694695333857,10.339661471115683,19.879671602436627
279,84.77355946760485,41.68919700238695,14.388038748871486,18.225477603083455
280,111.95501889444724,39.87255489645401,5.202517125414867,12.716312621917304
281,103.66823892515475,21.78234807015682,18.628099546143222,10.814118458535605
282,99.58428963213788,45.81897723424321,38.65625854892417,17.142404682042205
283,92.2218715582567,44.09239387264786,13.297493348453608,14.623879391569815
284,90.6495195476866,40.91981032179382,27.445949872321055,16.115405474259347
285,102.53545968594426,38.17027281328511,4.282394179609543,12.66218129720651
286,119.50732801030348,34.41158050041564,25.718193217511537,16.963669059352153
287,105.59969662879861,21.535366516263593,10.60225374335262,17.752338048015197
288,120.72962471736889,17.741624267497958,17.03756559433447,18.533263870018544
289,125.69052157340172,18.1673160590097,27.820731275251326,14.85371129275549
290,91.15355030136618,16.464094105367295,21.292357015803496,19.69301648428973
291,125.73895311143178,23.03305901426861,9.646378348647161,10.418075222772455
292,111.13970602421266,50.558837197260516,6.940475623070359,16.15938649370787
293,103.27021714661996,35.69685906378419,13.869686218997174,15.298970921388376
294,107.8087644078143,15.047863549307191,5.113734730362145,19.08843025939948
295,126.24387478903566,44.9570176306194,23.56217447932996,12.334157708823954
296,101.86670287501228,16.990055629137647,5.054223364905401,12.969326436604454
297,87.29564642387504,29.740200795729706,34.69394390064515,15.036178512085826
298,129.6592097390033,35.40803904148727,2.9589074927958947,19.586952026612707
299,88.47463338148269,24.80927307278565,1.6167368455858577,16.8880029096011
300,87.9091970382542,45.902771215220426,37.76322557429555,13.615996231460866
301,118.00689673616864,31.414581768279458,23.57515438838441,16.975362927989945
302,97.8955334435679,36.96252638031537,35.864989309340544,16.856120976825004
303,96.87383089184056,46.973647633122475,36.990519274132666,17.02582554691027
304,114.47514303451403,26.92612849431714,14.53570689034455,11.211731769254024
305,126.31679131976887,42.77538370465061,12.936867684770332,13.607010293629001
306,99.59625237805523,41.96629362573886,12.561049860930193,19.527783185985093
307,127.08819664815621,34.10949122696471,28.752428223177795,19.20789153125994
308,113.01638741717309,26.353925009235006,0.8642184183367219,11.532888601057513
309,112.43321891956045,50.44862255658511,10.202572740307666,12.900641265848305
310,108.74719054189312,31.11318699081379,17.08827478331814,11.964369701524374
311,83.2781861517467,30.227230627772983,33.55763351856535,16.98974338796358
312,90.41672367245434,37.04127527466693,19.49745772498343,16.722345560447707
313,115.82244093496297,23.41200733318029,7.746577477557985,16.695098173586874
314,116.62237006645799,31.50998550794409,23.927735287000505,12.476783905701598
315,87.42300833738419,24.96613292995007,27.422048700490528,12.898335265342224
316,113.86071090356165,34.83675198485139,1.4529991711973933,19.8129660233169
317,105.89727665872537,20.037870730158787,38.351416077546936,14.144009059369967
318,110.92230015683155,16.126716678466014,31.07601381020492,14.004640991708595
319,102.21744771165343,39.89488847847221,36.319494979125764,18.97994137219312
320,93.34357705901752,23.737326539111912,4.264046869593252,13.079644851742103
321,100.08010707910844,15.491470142866365,22.241156292260285,12.075080814943284
322,130.1034153751517,20.455941075173815,16.321607030371858,16.78070690977176
323,91.90715483209001,43.41535220863963,22.64806198202473,11.029431941239805
324,124.88941384487674,48.111870934454046,13.528958832988284,19.925197682979224
325,108.68444789773072,49.28542392163557,25.42850845313406,13.503864376675399
326,86.34470929116024,29.320672806423246,25.7603062334139,15.070946012878053
327,122.38927980490416,31.19164224147371,0.1848727866083566,17.652535573132674
328,83.52620914959526,36.3768310018718,25.51869686649814,15.452569993412215
329,123.66139352966327,48.226656504629986,36.7651087140589,12.461435965314742
330,99.24946263625918,41.61248387197611,37.59594817724421,19.35158792600715
331,127.64640154549662,44.72482068574203,17.23917011646423,14.953378974694589
332,118.26636800623666,18.397529275445436,33.9756122522584,17.608633197092697
333,100.2249205870338,34.503076966800364,14.736111185221814,10.097743890182617
334,113.28995150474043,38.94538900137974,26.733971589253084,16.2389069172144
335,130.9801895255258,23.79973866610361,26.721649119921516,11.747549245570784
336,91.05506773526307,28.73526462867796,32.232844760146016,10.010847612283623
337,92.74259926767365,17.728521132364378,35.73914354819881,14.692763644825732
338,96.83641696083183,42.12668127280399,39.48525336158281,14.341007611934234
339,122.8514253620474,34.55732525631745,4.812432891820122,14.787727133247355
340,94.76723346783605,19.29870564143191,31.726566577365737,10.267447788283066
341,94.7405068989903,42.026711145034966,33.52307436252783,12.59875806043328
342,112.76972369938593,48.90945102858052,30.68991781492214,12.187576573903396
343,111.2949744235128,32.077323913443294,19.043108107591227,17.59502649173108
344,103.17727939978198,47.273304495328404,1.2767829329816083,13.924865454247398
345,109.65705794906152,36.5422274603921,18.613573173875736,17.283337627689995
346,84.2021395919906,27.731727029068864,18.924379857113152,18.65949237481926
347,82.94735246092036,31.623831802973,19.896921652283016,11.853234859731606
348,84.03442618763447,49.47267706858625,23.486566687315637,11.000349438754679
349,85.37230384725704,46.149655573021626,11.353937534544878,18.461229222007702
350,120.40692213816695,30.493603911607913,1.7700629706788584,16.342902654399833
351,130.60931766477455,36.11176452627348,6.156810382853477,18.368896613573014
352,88.78105362743048,26.97057237294009,39.67129134910029,18.11696052797328
353,101.53902850031605,45.3180327387653,21.55276181826688,15.4903456743159
354,83.39605728050937,44.61851196679262,36.02525042407117,15.85173672816602
355,103.92330828666087,27.11588270349659,27.07668250682041,19.985532265009244
356,115.06872793540694,27.556153231084856,11.670808800695491,15.054274375406486
357,113.23137934941494,48.911457261412636,0.37265026834109705,11.739483049268031
358,126.81115455239632,34.49007819545022,38.9440958683472,18.433054230254395
359,109.68529837159831,17.364369109616998,38.397032605501,13.716098362516417
360,85.26310068919862,19.99336472058873,16.799048214602482,16.83490814580216
361,101.1012025117269,45.833034933652044,23.992732829881014,11.44425540145875
362,105.15317021701873,48.216750387538994,26.871213825903414,18.966460131194616
363,99.11813617447231,19.764649474472396,28.262254199597187,13.01823373447769
364,84.36995401503897,45.08575992280202,22.098009793745007,16.283524441231663
365,113.39458416848515,17.793404997468187,33.897605218980175,10.23461798585261
366,106.60805926710358,26.71419625295449,1.1728274104487557,18.92992999137215
367,117.40225847691218,30.631707024037695,8.294167548035002,10.067090290483492
368,100.52640194288601,46.83090204735902,19.559053398399815,12.66031443108556
369,86.1337279151839,31.232012545065775,6.034897277250235,19.961678960026664
370,95.6670987701679,28.5945621742139,17.73592073976982,17.30813370086963
371,91.29882953987553,33.53127579972869,12.16290442265645,14.146904100387179
372,105.23330688768033,17.2639920383101,11.95487764372464,15.332767611522533
373,90.19897101148612,32.489373378965155,20.946904864568086,19.986153926530633
374,86.52630858993673,23.447962870083916,33.98424693339309,14.153877471438248
375,108.37380754493029,20.618375237359622,11.916662701039487,13.373438274811166
376,89.57155081875571,17.079628352350937,16.83094286878902,15.723671426335674
377,87.79659704476394,46.93643228487758,10.768185325021623,13.512558865230806
378,88.57283302266924,23.424473276394494,7.406627261428285,16.879690720436543
379,117.20908246939202,39.13634209973399,30.67934590967598,12.249766515601117
380,122.16578119822248,29.31078649537354,36.31332051975352,13.759918646240973
381,122.31779451676962,29.17817066834857,10.341524951678664,14.08453728397261
382,110.86505750343585,44.55440145442351,12.327095295709004,17.666994479653148
383,113.77338833337387,24.038197855067843,4.0563519143355276,16.833974135698675
384,119.57306171335495,31.170009581763818,22.175116543975687,19.138085290937443
385,103.61360408104528,30.970155679831507,28.878066845552276,11.407808115627201
386,107.63271229105852,42.47478302836438,9.271320606267697,16.562338169469214
387,117.58357944559185,47.778151546439545,21.401547322359022,13.52135171669473
388,113.70872784227913,28.977289385053563,1.9859663265277083,19.369632374331577
389,112.48165909270395,16.6311626063441,12.747661969518882,19.469069097807008
390,114.31685496171124,17.520799141057594,1.8424602608471607,17.63589532477988
391,108.8964456096751,38.49043388760661,38.815035090016565,15.00380846512704
392,93.1513131642162,40.452139694059554,34.01910917350841,12.54099467940923
393,97.64887740914799,15.903047052445725,29.99937597262423,15.769828545746005
394,116.51909651460169,49.83268884565928,26.942590190569085,14.239610155017436
395,103.18558823113925,34.57522933539431,10.704715123227553,10.620383485659103
396,124.70005833735921,21.635340299509732,6.538854102209757,11.749706789922596
397,100.99326959556295,15.74290123316472,25.591630834922054,13.595352267043847
398,115.44486684905667,28.699793625496493,14.29673201235676,15.422032535775156
399,88.33700804396837,20.98366682848043,30.560095289400007,13.58040737399963
400,97.3424017504663,47.74518190204522,24.376691556554015,10.10838467599321
401,124.3407597064064,20.20728330043393,11.915984434128042,16.924124933472523
402,91.27283213957851,39.78377512647324,11.230657056270768,14.840709064128802
403,113.31845716185482,30.772858476115122,5.630546364318119,15.97494617807262
404,84.03976568808491,48.09981671894232,37.14019483312864,10.226982235714077
405,112.5045721410114,32.27332836298554,28.933823159027586,16.44066766206455
406,104.77713295719143,38.18824612221354,5.323533512627905,15.843064193631358
407,126.70558227360546,50.36000090057752,14.524916453614356,10.85400823402524
408,123.08606752873462,28.162921178440676,20.39778797958059,17.773178042886595
409,120.52830225381507,33.86194477160193,36.86601805406507,18.58953585925134
410,99.25902984731846,31.384587316750586,1.5833891206961237,18.05530738298758
411,115.42970447736649,41.39977457958417,33.26480342172272,13.4715152709047
412,90.2559204846749,23.841452551971706,30.075450389541064,17.225222131854853
413,106.65442055160186,18.2932104940346,33.19695269576307,15.93717544657396
414,101.73969958080309,42.59716781645024,27.51942497010003,12.120204044009537
415,105.66983787827522,36.80371620242923,21.832379429978857,11.466341764301607
416,96.0968068569787,31.792652126230678,5.328391645550736,12.009041751015332
417,93.043676903489,30.944382571125104,2.226857264384834,17.80684493482041
418,108.12670653567271,45.73754727514827,24.556098244855278,14.255712934807104
419,114.67472401353814,26.028722200258606,12.01358987893759,18.383612919055466
420,110.22747004652624,24.723243813336033,26.441148165793955,14.22559720159748
421,129.3308569906278,45.16445952029234,8.46099891366423,18.099742180957733
422,109.9181916253498,26.067862592518743,17.47259113246657,10.047242747560801
423,89.98567151879317,44.5862008029851,17.470437014092965,16.795286701935613
424,114.08706351424865,16.999843520078404,3.464435525371923,18.849238958024102
425,98.17643833715141,26.516892076844393,10.62776842731978,17.30961789995202
426,128.62146329749424,26.041511138340663,10.211653502909588,11.392054624359536
427,89.03861637445476,45.17444040032787,30.392072385102637,19.64239853538779
428,105.08230260424092,30.851028561246732,30.424981699858485,10.026724226573725
429,115.65939402852118,50.559262088793915,21.95669724895428,13.136724376222816
430,130.1369313551419,42.3071876005205,39.824669217025516,18.802743594372068
431,108.22704905837654,39.81669108017671,33.70382778354643,12.126728677581067
432,101.2871817543775,27.355589133397324,16.64618983581898,19.954341583096863
433,120.67949646906507,34.257918559788976,10.752663737880397,10.11786275046092
434,121.2017025233784,35.07148927981291,7.404422606094769,12.724022364271828
435,127.40429170989293,31.280907735612143,25.263954075286193,14.03003002867046
436,117.99430686792988,18.924873982363195,5.516275964461657,19.350811989832465
437,88.92613595475126,26.42353279373339,16.626542720847652,10.389035049512572
438,131.21120381891896,33.16494448242349,9.314972339922697,15.507580387877411
439,128.23688602827642,25.41979853769274,15.147483493339067,13.13108135812644
440,103.98631906941793,35.09363156836585,25.086379737914115,14.206352388627037
441,114.95261443083228,25.02349619725863,16.535608627315952,14.870673418421877
442,123.51861704664448,44.67725602345841,27.135519663643464,12.936820369486645
443,127.56146681899664,21.90216808703364,8.410864302969205,11.721859362387484
444,118.07248628679764,40.295098814642714,14.65311244557662,15.119282649469653
445,87.1145501332587,41.68542437124202,18.504326524055937,15.00179079802713
446,86.00020572988797,49.16942172105993,29.907528064946685,11.440869789620576
447,100.60943860342718,43.126808721292946,19.774410134271434,17.970637177775696
448,105.00095180294171,33.58369608910733,19.438959777530485,11.478199748286034
449,97.9196213411952,22.367793448415032,22.481798598620905,14.555138878908549
450,119.36743016123155,16.66106430575379,29.33361540473731,11.235904198878847
451,120.06278302885248,35.409530626938746,8.92654834985921,10.834135802311593
452,102.24512377074265,44.98403674234402,7.6472472914862655,11.43408319444594
453,116.8490381918275,37.982648231030986,17.22650341068473,12.566634322534243
454,92.1043137797472,35.62045604259573,25.902320115789642,14.519345326753427
455,129.250656660196,47.70757690467018,10.315281444797307,17.130322230441102
456,94.5003729719924,40.86471181911213,11.545909013215967,16.893263942477887
457,90.3272455821041,38.45640459870616,39.68855288169791,17.455242536967777
458,101.38637469239634,46.467426131077374,31.985570996624205,18.676877257696788
459,124.92624511554371,37.0331485716065,23.781453761256156,19.030856377031014
460,111.96365065424112,48.47415528411874,6.717526574218771,10.579558780976695
461,116.2650223072925,15.380051247409211,28.023462146041243,18.208963876783763
462,122.73480060074687,42.111763793752765,8.368555139561348,12.869319133948771
463,101.57015130760718,24.640560905134723,13.8822490950168,10.831570701486383
464,129.64851049911442,49.9824981178876,33.43032348257008,17.289136420925097
465,131.00960607800428,46.878624548344646,4.9476805638366805,12.153702268016868
466,108.8766729742175,44.12088372168074,33.5520804558966,16.46977696602416
467,119.36149202974883,44.72750274449772,32.053962198697484,14.759213030983013
468,124.47168116019905,18.339618236726082,25.231252059657862,12.476742037126789
469,111.64076485024074,15.181536943386018,35.800035293821836,13.584177125581737
470,89.05301351127875,29.181507319340092,17.361533351799082,17.828878783187644
471,114.83060641196079,15.891584517492566,35.86289539669008,10.828283290988129
472,104.98663624252137,49.72698557457534,26.80872954147208,10.605080581876425
473,124.49544224053017,18.017688891999743,34.204565349224566,11.773845625179884
474,92.92312206437013,26.88502231760841,21.221126524267945,11.062757412130066
475,83.25647184901847,24.88404773216204,13.7901037377478,12.498311895697292
476,91.43420092759477,34.13786311591508,37.74237805008528,18.932322854985507
477,91.04088809604512,44.21112030074387,6.74518321717315,12.334791410632384
478,101.49193568952305,17.43477348184972,7.875813782367178,12.517017642949865
479,92.8516551347405,29.92854412391815,5.60824901515439,16.548765395522572
480,99.0274477122751,19.42941560103348,25.665220965471313,11.355679739733617
481,111.51492406480773,36.63146027539688,22.94498665808196,17.66557210132369
482,90.26480691511145,34.181743877667174,34.688593445918386,18.095858849815883
483,106.4004327206955,19.720894494299195,39.011071484983304,17.97800730097685
484,100.08500080232565,39.80640990679043,4.912579765372773,11.226652002773863
485,82.9203354848679,21.110415664943666,27.72630629209911,17.64918259435151
486,115.68186354528169,20.65425865237644,22.114753190437458,19.181039752939427
487,107.22895685265968,42.761953671393485,11.713578543356768,11.794984749088297
488,120.6760039645353,19.710520634068303,18.728376491223347,17.510281853562777
489,125.60196132989303,36.763002744012994,22.659278106001516,19.216659358790785
490,85.03147147475994,40.87751670994665,20.175822650308355,18.302704239616347
491,117.63550890931559,18.866959578987746,20.396217976616953,16.3114512397102
492,105.16217689053545,45.93670746890503,10.25820293661829,18.84355135462981
493,125.4741775792742,26.034304768528347,23.84040085438423,13.562453942336086
494,88.33409820616973,35.611980579177064,12.44536836984481,11.390617307993775
495,123.7381808977797,28.618216494445612,3.93875427334474,16.969399133781696
496,103.70915306242105,50.24285813992617,10.310726296772676,14.946054468797602
497,87.21756315042785,47.037926375182806,15.605295879850885,18.947461210746642
498,105.30232389009716,28.072889866976325,2.2889738686759786,19.15969288309555
499,125.6152837470058,26.530462803385902,23.174199058323847,16.308695937056235
500,86.27466803691006,47.642400221918834,24.67328713021837,15.77453804283022
501,101.2188128597787,46.40895581326535,2.542761387446859,17.40223446830532
502,86.60111197878336,44.35881006166582,5.706181195442506,17.100644944505156
503,83.02546386089841,47.662268682766765,29.781085967608384,13.510124061022363
504,123.1466221716345,50.40295287418148,13.8553977100565,15.701271375357337
505,109.6388662350331,23.692069390785484,26.241246753162088,13.460978867885824
506,110.61526867660815,48.66151499127008,35.03357111313706,13.019440289785823
507,126.69991261529945,35.43864588204714,13.708053787911801,18.43094539009037
508,86.84003537388254,33.599627141491595,7.2411900279834684,13.703487937867756
509,128.90543711232885,27.864375368674175,39.629768162276314,12.998685106277993
510,119.54378928177974,43.74455291870558,13.509431875943086,11.300694367071207
511,124.3312339572407,39.746077281100696,2.021113581884535,18.952874790279107
512,122.58471337665138,15.456854602227823,6.013640926097175,14.37912068399427
513,101.95660832843595,47.416915900751846,34.869971697920604,17.14412808423821
514,83.8152129856233,32.84128782987382,10.347339870689623,11.187719649550614
515,131.50931496655147,23.60580123739924,11.580947079017857,10.528367439926923
516,113.66072981209025,36.67443462259169,23.758484705908003,11.243072653404786
517,117.51661266742222,30.319173766317714,9.257414819867309,11.509895090613638
518,116.73152588851713,27.469116196781584,12.859877628765934,17.97393607201067
519,97.30381954681047,28.715833290272013,25.180591275918918,10.536894799915748
520,114.83550031287406,49.093780917500965,3.1435054787898586,13.642197346240916
521,104.74472975167788,21.957532101077607,8.154829108624511,10.178765485848029
522,93.78110971309947,33.71607741251397,24.068326501874328,19.042251921114815
523,107.13233446525106,31.365241211546365,1.4477921727355225,18.122818768002887
524,105.57650368916455,17.116942638448577,13.70507696036913,16.862826054409386
525,97.45954328933387,34.397509745368524,19.034934995445553,19.67983141438847
526,119.36502945698362,35.148914924876365,18.160584684801325,19.024030149063513
527,127.17039148865476,39.66508098177064,17.505815746572765,14.9053164224724
528,111.95460531657855,35.872427739271984,24.310754761581062,14.03795720929649
529,83.81542708876378,23.96587628722795,26.742341986601787,15.727143318058353
530,109.33055592464905,18.7591324209495,27.99389298874127,16.46590391142287
531,113.56071655746128,43.28012054738309,35.74261260724739,15.901602097733171
532,122.59839869031038,45.49008835821432,7.552865624897711,10.73921658187436
533,97.53288390326405,25.437478989882827,39.190734834681635,15.734599147192348
534,94.15389450794696,28.61270697535483,28.82535642205727,14.396434723650122
535,100.97486839009021,42.79358241234104,33.86876411517007,13.318756719558014
536,90.54197738643737,32.221530546905555,6.082190270704344,10.161528213116314
537,120.82918524100475,42.331054556989436,9.366483813541183,13.444820053793185
538,84.00686306469757,47.418928737913234,7.525395869320137,12.82155250812754
539,110.32648880914849,30.28240931842818,16.76102125024287,14.008611653798328
540,123.46599884146684,49.20413522727904,32.864135083102234,16.588160858933588
541,84.26593866831082,24.746057719211016,27.57338291682128,12.37093638000383
542,90.73066087142755,21.208420610149936,18.901374522088254,11.726534223417168
543,131.23553398974562,23.675689617191964,7.203354339037289,11.054179161211442
544,97.73459909372524,19.390979143712702,26.542170238480992,17.398409515542884
545,120.26777932696379,36.35595712950614,3.3459296079053447,10.767806999920808
546,84.07086371158107,43.48512272543093,14.477961460979554,17.573260375162484
547,105.5377310407841,50.334741183321626,3.728209735981869,12.656850676028405
548,84.78107427259599,30.895692944120665,39.96416177613365,16.21140832838861
549,94.69521248402437,44.44991859418816,5.213764805195087,14.071431990854819
550,83.52606855126885,39.291116328801465,22.72398649851113,14.836086253074972
551,115.93515698420008,30.829389727792304,19.99370517441941,13.214517487985486
552,104.90691287139825,26.059008991523868,34.99260993081474,16.467526805017307
553,99.91053886766966,29.38001957160653,31.189847020755124,12.274533133739286
554,103.2621492966155,44.13054289981326,24.957219566306563,16.523194412148193
555,115.97677608122015,25.46380145984314,2.0695094921350154,11.968005998741706
556,95.35211275728477,23.336711026724338,6.656457715439896,15.638302941011599
557,90.24742218488775,22.267013202454546,31.757270068683955,18.036204717776698
558,84.72976512302321,27.574011941037664,3.7368045628161717,15.480177769902992
559,114.68421757303312,20.80142669562098,13.39877152186336,12.395006456192696
560,115.20687478626166,24.535827708690135,14.37859159528783,17.422946672573193
561,94.3908092576026,15.56849065685019,15.519619003119143,13.899272199359158
562,107.90099382006665,43.2711210604614,18.133992116483437,17.11100413879082
563,130.13104915990144,26.436470216772662,25.350525153495717,18.237262943940394
564,105.85178531281737,26.840302652301425,0.8380386812652674,19.408942247283388
565,120.18202679009136,24.891338114672216,1.6416043373803468,18.437443072019192
566,99.8382342041688,18.679524981866503,22.423854329214166,18.050683917090396
567,109.70404179665155,26.52077372687397,32.188909856864115,10.51289987597359
568,120.79941321438342,31.636391510563364,22.87248617636344,10.613488143336516
569,116.84354163177639,49.336978976494606,13.162090305788269,12.12404878976785
570,111.92122125276552,26.579847154115992,16.500407209648852,13.547672152203454
571,97.10395919542093,29.83614040241627,19.36135124726347,19.198068859860793
572,85.44344572608482,29.27666954987628,0.49871238973186127,10.051819982688867
573,106.2854242583459,31.628405064033004,4.7507826372548445,18.84433703500541
574,118.05831665194468,37.05310326451706,14.023567137925337,10.400779808654173
575,100.28763547597168,38.84276240763067,5.701597918732437,11.81667246070673
576,118.24338766368429,26.090832481829676,20.857354145622264,19.603644034137197
577,105.7339308062068,29.142705212982175,16.002945510863963,17.32296923671614
578,86.09952361256009,38.36860137603851,36.89824031231353,15.71437668203515
579,111.11647188096671,42.31614368199921,30.32276293710477,19.849536083529657
580,109.56183031427294,25.35491593867483,25.031801389181574,19.040221074041042
581,98.42867936390937,15.961312081022738,39.918235232805536,16.733251425582456
582,92.42609721373891,50.128766534565145,20.33201493137764,14.143031438681769
583,130.9230546750531,36.266316205387355,19.183164030615036,13.118399671315505
584,111.34680928603618,33.64843090228146,32.64072142938317,10.667999671374758
585,118.14136677333204,28.427355571531606,2.264484875086108,14.032649570424578
586,84.7454754221256,42.05112778746207,12.22369859450489,11.103031072506965
587,118.57502705997541,28.721848876579138,10.405590599326352,19.580710520457984
588,90.5853512289922,49.91233168860188,13.174132431319446,14.77293723528613
589,106.32820305734641,27.923971821607587,5.244166393956986,12.246931310098642
590,101.95233879773144,48.658850277037274,32.86615023564745,13.594151269470832
591,101.71735116119577,16.26928135096406,16.737798053699997,14.434586351069282
592,121.38548143990879,28.69645887033184,11.794223612930498,10.810956415098325
593,92.59849731230294,31.142084559570137,23.07984132896796,11.011944088177334
594,128.94015545965195,32.875401610144614,31.74518146762258,17.109035445008658
595,124.28509778329769,20.757517383535472,29.863055329563714,11.879471469444434
596,106.73463259582138,40.78622688174248,20.542931666065563,13.288457784452495
597,125.57211141409545,20.412345501407028,34.42272064772554,14.514495808278891
598,109.59009687626882,20.104425293545436,38.95128335303135,11.861992543943883
599,127.63233851383404,47.21420836616868,27.30136882569883,13.25685229769605
600,106.592258430649,30.672677713480972,15.975938331430237,16.720487214513852
601,130.53413339375402,46.29214139215382,2.015849742853364,19.75517113744659
602,119.09810679525327,27.75932839086626,29.543139900351115,17.400024226472034
603,114.9009899926049,46.94349027818736,30.168442420563043,17.185170467622033
604,131.34309569255655,18.081308764067323,30.785128172284303,17.1362742983499
605,116.72457520154512,47.84303445564565,32.67564325632276,19.521525334108357
606,94.67009439561936,49.64777466571532,18.54377400667743,10.363680468237014
607,114.36543815345136,38.508393023285,25.95728510010383,18.45216994513488
608,90.98772932054075,22.095591711217324,27.11542275885968,14.464903791989997
609,102.49240654778407,49.40040613511462,7.897724840978779,14.523408562738965
610,117.1084396611991,24.640566943561467,28.916444226369112,16.917065102656913
611,92.01806301974912,35.51418483290884,3.6196180518758148,19.88319175898677
612,103.39826523001659,31.844727503833962,37.8395458333261,19.451073971446416
613,93.90766520670351,49.1575544481323,25.65618265602382,15.864379604823089
614,102.93603785479209,37.54445326787773,39.559973084615606,12.884935146032628
615,94.00056830986617,43.86752145649982,5.144319720023529,18.02005849045131
616,117.09248023667512,29.678906419053348,34.54423362025058,19.716152659413677
617,123.53559585576147,24.47564984267197,3.7111863189039784,12.708535254660255
618,106.23625539812049,26.969361570333476,24.483541430393633,14.51541597217486
619,117.5469980089131,35.610541122623914,29.915589848370665,18.136420420518498
620,119.62912226673592,42.30631846772587,18.488023905059947,18.226994679003916
621,122.21750848330917,41.92337282795543,35.45917689987807,16.95427245291114
622,121.94481508493024,46.1740300241637,6.617715025976407,14.952572989121471
623,114.85606305095061,35.59089881429199,21.582721724680436,14.627687254464167
624,118.83939358522433,34.796010994377596,19.10967864776279,18.03597469214899
625,118.38300812130576,30.26720474498801,10.728392875474295,19.179250908498318
626,108.27770001949615,25.546060299884815,7.017637955111318,13.422567748452543
627,121.64618753725262,41.67863450077385,32.323840005790956,13.588776178974904
628,91.94192277852454,17.870097230958997,30.006018092347677,17.37266877041985
629,117.9187862493396,38.123646593015366,23.662382985429822,11.514037371947254
630,113.92726168184764,21.183012748535944,15.445642901943252,19.172514990281904
631,109.14819079628221,16.801497939573316,5.779691559670912,13.620872165755465
632,112.26265116062393,33.211549717987666,24.98748062743327,16.892171469468366
633,127.63072613833715,41.15292912948787,2.552153881983381,10.977757619833616
634,121.32605222257772,33.21634865851092,28.560624144269863,10.292420801790293
635,116.48718251182639,47.2904517131135,17.196663543787007,19.68608028295288
636,126.77257979703857,44.53281907389297,21.43461647110392,12.598968589127136
637,125.33168154261782,40.60448048308436,4.65889029383411,14.304558435129684
638,98.71679376824575,40.64741211911759,16.430527275306286,19.44099063890154
639,124.81358452999203,44.5806571638056,3.503883054699255,13.929277408625573
640,126.05514210937218,27.821984821068973,12.997902461436617,11.399389767536288
641,111.18585307916949,43.10328795693067,5.3314902874229375,12.934142532072453
642,127.9772486961888,15.980347559056414,26.70491443462835,14.968978002475664
643,91.2688199717742,50.577713229678864,9.6422147224159,12.942221379762252
644,121.93901476501917,21.24213520104918,35.73483326293346,16.530781004652628
645,94.55701897009769,29.51858371871881,6.619746128116506,19.982837207708616
646,102.24428710614497,28.024782180578523,1.3359937181900738,12.861639742112462
647,107.54605085604483,25.531179669724906,17.320926714796634,11.261821218350034
648,103.32481743412193,18.271180165230575,31.203969839612512,19.122889556766502
649,107.97848836250392,48.57421961507113,28.419425205667647,12.472667432541229
650,87.21674260804393,48.5834448916182,21.544512520359742,19.056421594927755
651,85.56791438666099,48.15455586920994,0.5450043757588752,10.673200450093342
652,118.13529708149716,36.85654440018383,7.1140627640209075,12.92121122018145
653,95.91428622917306,21.05046376973099,14.964945974480255,12.145274171013698
654,96.26583701394914,37.66051280440118,3.749639635903179,15.438235217565012
655,116.95785688322903,47.268504258257025,20.44522190954746,17.06915685937792
656,119.71755009112526,26.88180105341985,25.412939419576567,11.81683866816977
657,108.86701141791569,17.973607122159226,21.625953567446597,13.265077959039685
658,122.70825638186736,39.747466592820885,37.56275660954243,18.105894045583284
659,99.84440409844017,43.03401730276889,4.212562182137476,18.710476338670272
660,126.24753748315769,30.085710965891035,1.9704474667451821,17.211525256251775
661,113.92153948570729,35.36102111616521,22.678172975509487,16.952232901200624
662,124.12725299993838,39.753264988192285,12.72402677058098,19.676875635543578
663,122.5206757244538,33.71245578787829,5.352235201164248,13.118311972443543
664,116.99161177680531,46.60041273431048,23.787845187639867,11.503280944672769
665,127.917430137282,24.351833825159908,13.121224081773995,12.87490102254825
666,119.5992662904151,21.666565975740017,29.8969023765696,16.308506141728056
667,104.71779602985684,41.00015986606867,20.230752888421506,17.85966986308391
668,88.47596553550802,46.952604596651,23.62020382992759,14.487093823777528
669,102.42378241098949,49.33285902961502,20.854568219776546,13.813499385714234
670,112.72337689796967,19.980070740639412,23.79155694094296,15.547381228458761
671,83.80383223513125,28.31914470378034,1.038138260197372,15.494813603665198
672,111.87868863418566,23.251268538712672,31.230381988035397,15.590311731206096
673,102.64901869106089,34.59445383931023,19.86327026135954,15.117633981677113
674,105.96063350310177,24.931394717994078,15.362641874228702,14.305203656856984
675,85.92206537572231,39.94985309757686,12.359473998353891,16.15611101671712
676,86.50966940492933,32.05494495885269,6.7459362039996185,12.894443671100762
677,114.42149909980829,42.06372378886839,33.26091443221718,13.623307917806157
678,95.8603084837744,37.72227290901766,22.440904143797184,17.89873731976593
679,90.2349056173322,48.272183760806215,7.35911716977133,18.347941553531694
680,125.10689649292942,27.30663707967828,38.06968040076971,13.29074395197268
681,85.47721980447763,40.71543437604123,0.5595841521149758,12.12980384037941
682,117.0966487830635,35.4262436416506,27.385198769675625,15.165192153403664
683,122.96828236075396,32.58094816237016,13.492777316982236,13.485049481135848
684,126.56550943046112,24.838500807453244,13.342192235461647,12.964482776678086
685,114.95078269480672,28.75967200932773,11.34660226113256,11.158193900212627
686,85.3054136259563,43.89642298717074,34.17476488618855,14.643464709422089
687,104.0998963954185,39.1447295937739,20.1036117293809,13.93128996264369
688,125.48738529685784,38.855456772140954,7.500317387668076,13.341912681858064
689,102.77536533402098,38.48577361470997,26.273599066242618,17.088481683043213
690,108.88558258705152,29.367038962769847,2.3047354244143614,12.695037654354522
691,119.04007394760585,43.114502740319324,4.995659337156262,13.411257218627947
692,110.92601278122035,41.33299489292783,35.6008390188239,17.035436563076008
693,100.33048142149273,46.13914336452822,31.201824389277558,11.11851394994839
694,111.66817381210635,43.00478866385695,36.668335900119985,13.666122860902206
695,105.41581729528363,35.89958294531529,35.428122809228995,10.617680399878024
696,98.96694593880977,41.68325600062568,5.163067371859156,14.554638734781733
697,86.09710624224246,17.731034906062295,39.025161191597626,15.32994216657147
698,95.4268653218628,48.96014240172285,5.3327768182200375,19.002452185758216
699,131.38976597836538,28.724732060658475,7.685448955084078,13.29450236324988
700,97.0091003610437,21.05303108841681,6.047971716369189,12.486618040198135
701,99.73300647399931,16.842552928970846,34.01716125438916,14.848938009959795
702,130.70406584881778,39.09168494478701,14.09315773601891,12.963112247180458
703,87.71037086588737,22.290073933171602,3.5247125342751184,14.120663420213116
704,95.05361686623974,41.43615886786357,29.573329832236507,13.161460653960237
705,101.11595768724825,26.739501784714815,35.74383274267296,19.703829418970223
706,105.39717378531311,29.232419590235324,17.921859013035224,12.517451597013395
707,102.50225261299008,27.953336228059584,35.75123963686123,10.272328673540773
708,96.11777093164321,42.48248819006496,6.724522568839926,14.627502448915465
709,90.04156672671567,50.693683956592295,4.341241406811114,10.545751092151578
710,109.8676281539031,47.730100262249294,10.915012723976334,17.3013785744676
711,90.9515922147923,17.67745715656346,30.40169636774623,11.485742679430377
712,82.85863166285658,19.26297358680449,23.664431925891595,19.12815254388132
713,119.83994449220164,35.788964672983965,23.125857449297126,16.757343662491493
714,120.05996432515701,44.58539269197364,21.832418605331142,16.287980264050816
715,100.35942818071598,44.406195947924886,29.923319540675067,16.116966445508005
716,125.84909688548049,38.40059241621115,6.657568898549391,16.503617618143995
717,90.47718584154288,45.47884765362982,35.29954873183589,11.437492220477441
718,126.78267289494521,36.25127459974621,38.78458530598795,13.78755544030162
719,116.03504160219319,33.14797867214091,12.253937993054063,12.394418551014217
720,115.48813461803194,15.727022783524358,39.88267024873076,19.992826065821795
721,85.12905607382586,44.52299462931964,15.988916688413891,14.962775286310883
722,119.96777748470403,21.64673967942799,28.740241639130673,15.726474640634763
723,90.95578331268105,26.985043754762245,4.890182321861438,12.195150077358711
724,108.90171011052178,35.738686629998284,15.230510391950002,10.306718766056994
725,109.61362635749701,25.44728312166517,20.381864797451087,16.15089184200383
726,85.64059132881061,48.99342334370942,33.72342927608604,10.987583934117811
727,97.13375162929074,50.314618841385766,32.70663390376046,10.401983266341972
728,127.68835887654946,18.785471855551464,31.28388320866751,13.61355143744116
729,119.8274790488575,44.40627101127577,27.76985377933034,14.329995141160659
730,97.74969306639497,27.95144418834382,1.434149784974621,14.697162232071916
731,130.5115761419015,27.8001054583426,29.856924238161746,19.238101580584072
732,86.20704476826477,28.063719880275293,8.995950545616784,16.09221877708088
733,114.62358239973437,46.544780638309604,38.89554192422804,19.043987700991142
734,122.01597496644533,24.385007050107596,35.83822892085314,14.381168426725075
735,124.17117386287583,47.217207597363114,17.945131190392402,10.06334344593568
736,114.34280045456545,40.46828753505371,25.063685823826788,11.639249201318174
737,118.87402296373898,22.739554024081357,34.246508650137486,19.098473776232318
738,94.73696781331071,15.530924604330327,11.13561370789844,16.910870759731164
739,120.98734459831454,38.143984313313226,24.611981214068898,15.914525196177358
740,115.99648365173803,36.10343774387704,18.423745042510518,10.10827815483365
741,110.77700668539903,21.196407271051267,23.478287304220437,11.50285125154696
742,95.74427429991131,18.755447143326318,39.32277280067225,17.969418802394983
743,115.57920210959924,49.09935349522658,10.515013938942044,18.465968755861397
744,85.10979077245402,31.027829264529043,13.454917749737865,13.675527105790946
745,107.26400419176716,42.50298732084822,14.58686105477339,16.703076710161273
746,114.8614996747628,15.719522157299313,27.757026504892792,17.927814885010598
747,99.24984033792612,24.6414095135626,27.867809909248763,10.455204110373735
748,112.04590322070251,30.450884234141895,3.678744238268239,13.691901583473047
749,85.4166023734346,27.84780584966932,5.527917315319306,11.948609672124414
750,99.0546763569337,36.998441471841716,7.4458340087571795,10.80938575364179
751,106.7101847037662,48.62405791169759,8.09274301581301,11.965401766992509
752,123.2257758480041,33.47694536313033,26.000289088525363,14.453763860374815
753,108.9485593405083,48.01687543655888,34.072772050806584,17.234216169370384
754,128.19518906732222,34.61703979001538,39.60509588615685,15.063402761649488
755,100.94992857699164,43.048209896477694,12.691963863354232,18.544976114984436
756,126.35226315851902,22.61597385181083,30.6697989591806,13.082680201011748
757,111.16342829941924,29.884535311524427,0.464010177141696,10.252168314684772
758,105.70070557793719,34.83990254495586,12.348622713864014,16.54026280231843
759,91.6157027200835,17.6476653817749,29.75099243571978,17.975595133442518
760,123.13231260520588,43.16748778930784,29.035595656816803,17.83329225299705
761,121.60709363102961,22.356979959496584,38.543493075514036,10.14136942220362
762,101.64685102252778,49.40643478884725,38.61121184492018,19.32316975448505
763,98.40590544547125,20.45642176359913,31.434879388169378,11.216157844559591
764,96.08672643049856,35.035563696390966,34.04032527778795,18.297670629151767
765,99.33071921715414,48.61237040361432,9.682123384995958,13.742928642679917
766,87.13389997197355,35.789483760704,25.026453661490336,13.90657404173096
767,124.51179029591859,31.660448055474802,38.19842335409107,13.603531998614342
768,104.03417687917292,44.05370604738371,29.66430164286343,11.059848323648314
769,91.37308273679862,31.74224601698669,38.71082887902289,17.80226093639051
770,116.04440911932775,34.65483360657031,8.860443202024193,15.115516393024356
771,91.26597561901326,44.241863581464486,19.850833596114988,16.319149496443256
772,125.74048913808059,20.02764666437531,17.275355815015008,17.858091911071007
773,82.894536252525,22.968626632561286,16.104974430721136,11.613689939425427
774,109.76030930470345,15.70126129151491,28.944741476912114,16.06321095885901
775,114.03365094974122,37.74139341000287,12.798771104949104,14.058817902964396
776,99.45085862113055,44.586951409918164,8.386389108558223,10.546694562351686
777,92.13370441713585,36.915911740837096,37.49821813848726,12.314909877684704
778,126.70114062103815,33.66598268291743,6.404380248754484,10.711455912961565
779,111.65459930643482,40.647613525551826,9.904361035557905,19.237259449111306
780,116.71350638994579,15.040335111548083,4.150695460656255,12.878748936411917
781,90.80881731162873,17.518008733036606,18.67024944859907,10.609467251099927
782,83.14877962026816,24.146418421629186,30.839869256586077,12.486718173327432
783,127.08020154787883,23.734922880391608,10.071154014974933,16.83895255524556
784,91.88650438975591,19.193719412304972,9.076158510571641,13.857580647779109
785,85.36759290772078,50.695636653505105,26.11616160290702,10.829665094961115
786,120.73005366653018,38.74229878538074,37.04831961354612,15.423927667972782
787,110.40928775157278,40.33461905969473,18.217569156229704,12.556116654812506
788,83.51941730659159,42.508949605366155,7.6427894238090754,11.97093854730984
789,109.97192627055354,15.695511451013752,30.344152245552923,10.442490234271379
790,107.58710947452042,18.90275816268696,21.619522930100487,13.980671873875616
791,127.86474709335164,16.753214346205322,12.163630135646333,17.56409851323167
792,111.57034435560013,48.371984933525255,34.51277704752783,15.934895641856404
793,90.05251358227619,45.062601424526136,7.992580871245827,11.870869304670732
794,113.28110210388162,42.23724018630203,18.488795876486165,17.353343118864295
795,121.86208124733878,33.724438388276624,27.039719435791447,15.219026350595932
796,130.04425901250087,49.31275191114534,25.340579742612917,15.532534992071731
797,97.91439246887252,39.36373879267298,14.503643248356477,16.893298266032257
798,110.9325802665258,16.85975081275823,16.69102111082925,12.057961754691288
799,85.01411620830713,33.03764047742153,30.86274377254548,17.1263696386325
800,129.4246780672351,29.00258213689436,33.75967723530478,11.853190488909341
801,89.67289698068821,22.94300586900131,28.342114279889906,18.086991286690417
802,114.63671023797556,50.11523387729747,27.362403354420294,11.52276234006239
803,124.57904234190207,31.51328246659726,0.06721216870340996,10.461857010878827
804,106.16128338414154,42.52952200271937,11.707539634975692,19.616735596934195
805,130.5440384803105,18.298521819504646,25.533133632017872,11.232744647487896
806,102.61078633810459,24.319360043844384,25.723654485755514,10.640284220453061
807,110.51338339113698,16.335342546411457,30.948306897039668,19.30081924495672
808,124.42374787302855,40.11482408701876,12.043030340092372,15.75082780899883
809,83.47787554101372,42.99406171441476,6.631286186948548,15.351118688878572
810,124.9327986660559,28.084018613221872,28.529615916639216,10.512696186954445
811,124.08439628806616,46.77948393768286,26.344049419639784,18.901949324250822
812,90.74239548579361,32.41225308241344,27.44807823829163,13.121140395455662
813,116.8292708509403,36.86662218186274,35.47352744213785,13.474691776324054
814,96.18410557358031,21.986211051119117,29.241998287860213,11.093976550769261
815,92.07354788519773,17.804473318694246,16.414193552704507,18.48589083102886
816,107.68791288527775,46.33571761306802,38.1514003826778,14.958430626381158
817,117.49904514465698,48.76644586492935,37.962593979756804,11.969325990086812
818,101.31157898574551,20.257936488100064,18.309056632486836,16.81227862235287
819,99.38207580170098,20.51879215189468,38.32858234706335,19.192317255909757
820,93.65615376490773,29.60012236300199,37.9033882393846,12.627361679025014
821,110.79838619405001,42.163299438396834,13.961236255596043,14.880998222004427
822,111.22640804768525,32.60058659751789,33.16962198352779,15.355730022354965
823,125.16144070122357,48.83700650838091,27.585028400765623,11.214491643897581
824,123.52302612144688,38.36500081290578,10.623077528535894,11.347916944766377
825,83.07634590956008,31.675468552725064,27.2251217846028,18.380032533313177
826,89.86098043270728,15.917083936696999,2.7133046058033905,17.153903290847335
827,89.1305752031479,42.0393645081902,28.617783403179487,19.05154148275572
828,95.99313674185618,34.150707408222914,18.936558080174688,17.890280762453912
829,119.0126179645309,48.124631578990545,6.864475993573551,19.491722726140345
830,106.63038126085527,21.581149709665333,5.625692681457637,11.139757313480196
831,118.4277146392806,23.151775245708283,30.90879529576144,14.786330500211259
832,123.8602250055294,36.67193731658864,35.882364665219626,11.498241886171579
833,100.77586080422921,31.594963838365096,3.654288900204037,13.343859153324534
834,82.84883645772567,42.268048837865834,14.247865901770007,16.722243317466774
835,93.11628754811767,22.083739122808687,20.226659335836384,15.201008100809839
836,112.87987890355502,27.908011736732348,12.065724177639305,16.19187970268547
837,110.72749355044846,41.051316045413,21.470143120324398,15.581446313833002
838,92.67121850131785,45.82802622551858,14.609372741019007,16.491364202851155
839,119.60647309043529,34.11390042758177,36.64417074572897,12.025818634598657
840,84.09790998450502,39.62283099058237,24.10699002340451,12.36276732878072
841,90.25553821012558,19.665427515959298,24.054510511620837,11.98116884400319
842,108.05601756830792,32.68759855675326,38.58725554654076,12.402658018334657
843,112.27317273078032,15.923719534212497,23.425495307832232,17.595076428468232
844,127.58254785231401,22.725493366062274,14.671295806337735,12.920595639832388
845,101.47783851369458,43.904535642555146,26.87303401862039,18.3558317713034
846,122.46466236477451,29.947772484800154,12.69408259506954,11.797282626411512
847,105.79817292267799,21.030138526014852,14.685855659013217,13.667258808085286
848,97.46790442475826,30.05898394637775,19.320813978344262,19.53392890658212
849,129.3131546498431,29.37265308222348,25.521743587119868,11.986057595529267
850,106.94648660212748,44.61278844570791,28.918719723711938,10.465148989656077
851,117.30428853298767,22.07919922350433,20.698570768771102,16.437017795931826
852,96.99149239767705,31.718044151347193,18.879017028261536,12.0892582090816
853,125.98329801016563,47.74268608704874,11.368842280180488,15.75063041925761
854,106.01117183557027,32.954872424173296,19.00480831681839,12.317139988817765
855,84.97330596936244,33.20510298947748,10.11029812266884,14.5881577001861
856,85.97420989995466,31.4766074466642,11.745246125685625,18.296410169846553
857,99.94569305547174,21.253046196384215,39.40899050466114,14.748412406707896
858,103.61216245797709,18.69592770755294,30.925594947932915,14.59760453816505
859,88.1253952647187,40.92382691265479,4.845405537544454,14.509954970627437
860,124.23461285664663,22.229398051462955,25.969743618834862,13.662793444411536
861,109.93237270621859,48.32646781869005,11.473750019653606,17.290927789781758
862,129.07964757552742,47.54391345723553,19.368939557671997,19.856097346281004
863,114.54267785113034,34.199876356234725,0.3252481029680032,11.82237126232351
864,121.78987791139683,24.606448528121398,22.717352583353424,11.329856109481504
865,91.02316694837364,43.8595328463673,13.653357873665124,15.863226825198813
866,84.83646664306119,48.62289202067399,11.175978294889411,16.520968461275327
867,93.84801253384104,48.10296785702616,33.950320694217304,14.619837499942882
868,103.19927591254992,33.72843562115523,31.462816323459542,12.008317624513571
869,85.13172317654389,37.05051809599001,26.22685169755063,14.682715256205173
870,128.07730077801844,27.619775795232382,28.826316991445434,15.21728949460688
871,97.30998720131568,19.064335707397248,12.337685548974635,10.132030899112499
872,121.47176428699188,20.685479181697634,10.729795417759021,13.848237713522757
873,84.92523118410972,16.841119313763215,6.4828384951283935,15.639081933555985
874,124.27797773593392,36.56732692340204,21.834038558184666,11.123196270955408
875,98.99315318478102,19.990749191423976,23.430791620774084,17.88820688612744
876,107.8769990498968,44.84733925898084,14.872542687038791,17.75460125253902
877,112.51369224800965,33.205478998230916,21.378817515431482,17.422435145045263
878,112.57815222243043,23.080867031076735,35.183866427219684,16.432386804043478
879,97.175453940095,29.041659365236498,18.47090335229371,10.743456998040873
880,95.11300641449033,29.889212792622395,24.05958911694318,10.925929958361492
881,101.67876482533578,36.94433230502989,9.945958446878675,10.165753920733659
882,109.90375224768997,39.796459732097276,38.82465239241238,12.913899351793834
883,82.70727470210943,19.989228898465953,34.5562338780105,16.017347132456344
884,93.79849162784309,32.61093474992175,39.064565284724424,11.202872021837377
885,86.10597132827907,39.162227932066564,34.49791741554348,17.44150061739732
886,123.45683804271779,47.79777727614764,30.781829371039926,17.79384478311857
887,116.9703064898457,44.075406963611755,16.702625738961736,13.11899398119077
888,123.3741890170837,15.144673711075605,12.675557749474864,15.15470487218362
889,115.4551814021129,36.60848899790599,28.139174987174535,11.029794707527023
890,84.40382594990403,19.300345180584294,12.72124198504834,18.375881083673917
891,98.70135075854589,34.971261518608586,3.43154124176996,16.288181049317334
892,125.85143333581654,49.6366761315968,7.806640549009507,13.316066556599164
893,105.51825501390873,23.06836023339757,28.484035362026678,18.75535127335243
894,98.43794649816606,28.5884776907944,28.73821235712689,13.504503203279304
895,90.41697399959465,25.446195151980646,28.61675640548271,17.47873073649234
896,127.36547160830064,30.107244964887613,16.56033766843982,17.63823459950588
897,87.27549472432403,19.242176813429882,3.6644830211553625,11.388910618381642
898,100.34476255017708,26.200928827100185,11.409402878395856,17.557292901825686
899,98.15167710786253,23.38006665085126,1.3079907317925343,18.000486455192895
900,113.87442404434668,17.860147088150516,17.463582816361463,14.149049141478837
901,127.29558863207428,17.19814179724724,23.437312723122275,19.042501165271368
902,118.89774870422056,24.65201508599991,30.41788651206363,10.99946398853251
903,129.95739756707673,40.56861043143761,9.036378737172818,13.06109436254593
904,96.62488648916839,15.361205196292993,34.60187888112475,17.137044816974175
905,119.1954912412411,44.753894450148096,30.853818358268622,10.74489963419905
906,117.57489007292702,30.781749028169454,23.14735836052911,16.304987881338974
907,85.28235513029306,43.10280167611735,18.45300457399835,19.830838380693205
908,110.77082359203081,22.235930555535415,30.06876367481702,16.76057932525505
909,125.62615784446606,40.81335691902434,12.437672296551776,14.164028870726007
910,84.16256212404242,15.382462538535234,23.972213803290888,10.98886610814194
911,93.80932113160918,21.65123328334372,23.665396136431795,19.79646058790631
912,108.89911307010922,48.360598689027626,23.064369473716436,15.210792106123993
913,112.44260428154787,33.071197059129375,18.577122421402127,16.533330444267662
914,109.33447088256203,34.3537337189498,18.92842641613807,10.575250260821715
915,125.90966265455246,24.831306974271353,10.448174232387512,17.046376587377907
916,101.2441301601576,17.407940380173983,8.869535469115931,14.79590516942401
917,114.91061607763405,17.074460832286867,22.166216793666884,14.729213427674107
918,109.34555710635746,15.326505899623019,9.919398306247125,17.570141136137483
919,122.88652052716904,41.127200628412055,33.80619134310567,10.921656401489827
920,101.81391266153827,32.820590876460145,22.772942998722257,16.86740862901345
921,127.66172221017993,28.57325713339071,18.12296998629066,17.213955768006564
922,124.16152201099354,24.871641077991335,10.267276013312681,18.437800128486117
923,118.07602031321187,50.528650886452,0.6614106920930851,10.296727399983556
924,127.51048939089861,17.405073798005763,11.453738895292137,15.061988529703447
925,115.13040187485583,22.455929689706316,33.51218353339077,13.583159593907752
926,97.06144161104099,29.012992897779398,21.895598394544162,13.705490079908646
927,129.6375846391341,39.12802354509421,36.649505773176955,14.67073232873772
928,99.9027859257757,40.438653486782464,32.45867591975892,18.327840860501777
929,99.65404773454159,49.73646350023729,18.901604699711715,15.038942214576673
930,113.37510571941155,35.44707099443851,37.86476902858282,16.88407519052788
931,107.17335050358199,27.651573964198622,38.8086001826368,17.181271133924774
932,131.45532785014558,39.67562059979578,4.037137624001574,14.475981690487
933,102.96344860675664,28.68569436438689,12.503161911937068,18.418176041666047
934,128.34424514095528,30.902540336898163,5.593300756640898,13.744332229696596
935,104.74016800136513,43.10819000344546,13.522682925994145,14.946171528250272
936,93.712082520293,45.41868874108471,27.66229544860655,10.1991420496445
937,108.89874410140834,36.672673771800234,15.034586414437845,12.110872455685419
938,115.64330114001623,19.508616587497208,7.142239540057855,14.090321155094308
939,97.38385451119834,37.92201849162791,1.8785611819305448,14.66849298869195
940,111.4110001739875,43.62271123724476,29.36357151232217,11.050454216279919
941,104.07210510081458,43.86451970524382,34.6408431254828,15.757752990376574
942,83.7255312048441,30.68153905248208,14.117298097416558,13.525836214778403
943,85.85672796678466,33.631229928610225,24.13524450082499,14.558914491796955
944,101.27417785815834,28.29469757624903,12.438682501503635,17.223474052139196
945,116.97789487302148,15.036289188133912,1.962747685157109,10.506219173312699
946,90.4290514932546,32.15146378900349,28.815031046831933,12.591987642627647
947,129.79740311107838,29.743350415521988,33.92257139879913,17.640580118510297
948,100.44887994543853,24.15661847654986,25.105504177088168,13.629595226711846
949,87.95679015768772,40.099979644905154,35.454033999628095,16.447866092967736
950,91.81853425345581,22.661655780125013,19.124568049296535,10.350346934711744
951,127.7409710604343,38.2392707963874,36.79029422024732,18.188253284739957
952,124.05058951403052,16.820146802837243,27.99519753744232,10.693337634144212
953,115.08910833819672,33.941696832936934,35.65413354770784,11.98921398968906
954,85.5491188464743,25.879173320252043,31.264951087323674,17.597664698311164
955,114.11202038583919,49.17045458537335,38.47747031808602,15.898062873571162
956,83.80549720858612,27.25017355947221,1.3310034411929506,19.13025252654417
957,94.17521976754398,31.455204490390567,35.41193975961924,16.10781816119853
958,85.98559364103328,19.47070802029272,12.292849598805716,13.767666714603301
959,115.51652489706473,46.131792920875625,13.637182730023287,16.35817019859617
960,122.77972209746005,28.939418029444766,33.074915094416745,17.045156001963793
961,95.47210359262806,36.53508360540194,2.6004073309652043,19.497011129716263
962,131.43348442110556,42.93250447574691,18.021822755358265,19.789844133655436
963,109.2274202759155,29.248097260197603,15.550546059906868,19.119788692528346
964,124.26409499889527,15.424569138863728,23.75604358503083,11.74503076170549
965,92.30857239572455,45.132060543181396,21.211336296062072,18.32292645810081
966,121.65869309798093,22.39898731900547,35.88029456399217,14.547102509840528
967,113.55648164625961,50.31509737423629,24.17356458167268,19.264278328877193
968,86.5009388894881,21.11740626624023,38.57057887163759,11.519675647932996
969,120.08093345219528,18.708929844643635,21.933322700396563,19.79028169903242
970,120.08467790740511,37.76278829038179,22.09451900207883,13.806558388206257
971,101.18158518015352,17.672024821604207,10.69785708045977,18.631612991186906
972,95.68154940559283,32.8474893373199,23.594287905653275,19.344247534396345
973,86.34887055868482,46.07644177740791,7.540519728104371,15.072037105169874
974,112.183612316395,50.20318960364432,9.901855320436672,15.381135078104089
975,97.3197251569118,22.16827804087788,0.37018446238358926,17.160921111387246
976,94.11718941644803,46.40396878897965,6.180808908121138,16.294891196070225
977,104.65247289274224,49.218883146697095,34.34866387922455,12.23789536371499
978,88.9701112643308,31.322447690169295,30.36277410186033,16.65944605923992
979,114.97218101454678,30.752298072006568,36.59733813640709,10.064598236745802
980,98.54372054642945,21.352577100424966,29.62492180792186,19.05632432179725
981,97.0635186962056,24.94191746920136,24.43630542509078,19.32638729226592
982,103.85818250093314,36.7169291519797,16.51481685024816,11.206562657266907
983,103.94086792423094,29.48056941690883,36.68079655432785,10.340993045001692
984,103.97305753723326,49.127036771820784,18.984992208597987,13.738212597135508
985,95.10915702473723,28.92645388231272,14.720623452652992,10.911484713361004
986,119.5435139133502,20.85976315819447,13.846594842533149,13.943056670395475
987,126.52471054482032,25.14755943824028,8.731752979239914,17.63906735715909
988,110.35580211754502,49.687956263183125,21.75341826004467,15.876881173031485
989,118.002397775302,18.775994980677297,25.22957967373598,15.453736898243488
990,122.34646069526573,23.68344351440748,37.070309154803546,13.129705157403146
991,96.67307710693878,38.64017904857951,29.32164466101298,17.909534955737247
992,125.22932428871522,44.242338029238326,4.883435096194879,15.597335855966794
993,110.55151047917593,23.450296037881763,3.8491929866519303,15.863533779145222
994,113.78214695662398,20.603491088263063,4.123110867465729,16.37369664580579
995,109.75377709979959,30.797161062998253,22.323522161111086,15.527889282947616
996,125.9781444053632,26.687463232531933,20.99564949588381,12.937444675457026
997,106.76155321227301,29.58556367938263,12.507989554232331,10.8855446802072
998,117.42081448935919,26.00725615359302,5.407153374153495,13.848387157801238
999,95.37311654781722,35.5966969380084,31.832527673942504,13.309602261210426
